{"Metropolitana e Litoral": {"regionais": ["Curitiba", "Paranaguá"], "municipios": {"Curitiba": [{"municipio_oficial": "Adrianópolis", "cod_ibge": "4100202"}, {"municipio_oficial": "Balsa Nova", "cod_ibge": "4102307"}, {"municipio_oficial": "Cerro Azul", "cod_ibge": "4105201"}, {"municipio_oficial": "Rio Branco do Sul", "cod_ibge": "4122206"}, {"municipio_oficial": "Tunas do Paraná", "cod_ibge": "4127882"}, {"municipio_oficial": "Doutor Ulysses", "cod_ibge": "4128633"}, {"municipio_oficial": "Agudos do Sul", "cod_ibge": "4100301"}, {"municipio_oficial": "Almirante Tamandaré", "cod_ibge": "4100400"}, {"municipio_oficial": "Araucária", "cod_ibge": "4101804"}, {"municipio_oficial": "Bocaiúva do Sul", "cod_ibge": "4103107"}, {"municipio_oficial": "Campina Grande do Sul", "cod_ibge": "4104006"}, {"municipio_oficial": "Campo do Tenente", "cod_ibge": "4104105"}, {"municipio_oficial": "Campo Largo", "cod_ibge": "4104204"}, {"municipio_oficial": "Campo Magro", "cod_ibge": "4104253"}, {"municipio_oficial": "Colombo", "cod_ibge": "4105805"}, {"municipio_oficial": "Contenda", "cod_ibge": "4106209"}, {"municipio_oficial": "Curitiba", "cod_ibge": "4106902"}, {"municipio_oficial": "Fazenda Rio Grande", "cod_ibge": "4107652"}, {"municipio_oficial": "Itaperuçu", "cod_ibge": "4111258"}, {"municipio_oficial": "Lapa", "cod_ibge": "4113205"}, {"municipio_oficial": "Mandirituba", "cod_ibge": "4114302"}, {"municipio_oficial": "Piên", "cod_ibge": "4119103"}, {"municipio_oficial": "Pinhais", "cod_ibge": "4119152"}, {"municipio_oficial": "Piraquara", "cod_ibge": "4119509"}, {"municipio_oficial": "Quatro Barras", "cod_ibge": "4120804"}, {"municipio_oficial": "Quitandinha", "cod_ibge": "4121208"}, {"municipio_oficial": "Rio Negro", "cod_ibge": "4122305"}, {"municipio_oficial": "São José dos Pinhais", "cod_ibge": "4125506"}, {"municipio_oficial": "Tijucas do Sul", "cod_ibge": "4127601"}, {"municipio_oficial": "Porto Amazonas", "cod_ibge": "4120101"}], "Paranaguá": [{"municipio_oficial": "Paranaguá", "cod_ibge": "4118204"}, {"municipio_oficial": "Antonina", "cod_ibge": "4101200"}, {"municipio_oficial": "Guaraqueçaba", "cod_ibge": "4109500"}, {"municipio_oficial": "Guaratuba", "cod_ibge": "4109609"}, {"municipio_oficial": "Matinhos", "cod_ibge": "4115705"}, {"municipio_oficial": "Morretes", "cod_ibge": "4116208"}, {"municipio_oficial": "Pontal do Paraná", "cod_ibge": "4119954"}]}}, "Noroeste": {"regionais": ["Cianorte", "Maringá", "Paranavaí", "Umuarama"], "municipios": {"Umuarama": [{"municipio_oficial": "Altônia", "cod_ibge": "4100509"}, {"municipio_oficial": "Cafezal do Sul", "cod_ibge": "4103479"}, {"municipio_oficial": "Cruzeiro do Oeste", "cod_ibge": "4106605"}, {"municipio_oficial": "Esperança Nova", "cod_ibge": "4107520"}, {"municipio_oficial": "Ivaté", "cod_ibge": "4111555"}, {"municipio_oficial": "Maria Helena", "cod_ibge": "4114708"}, {"municipio_oficial": "Mariluz", "cod_ibge": "4115101"}, {"municipio_oficial": "Perobal", "cod_ibge": "4118857"}, {"municipio_oficial": "Pérola", "cod_ibge": "4118907"}, {"municipio_oficial": "São Jorge do Patrocínio", "cod_ibge": "4125357"}, {"municipio_oficial": "Umuarama", "cod_ibge": "4128104"}, {"municipio_oficial": "Douradina", "cod_ibge": "4107256"}, {"municipio_oficial": "Francisco Alves", "cod_ibge": "4108320"}, {"municipio_oficial": "Iporã", "cod_ibge": "4110607"}, {"municipio_oficial": "Tapira", "cod_ibge": "4126900"}, {"municipio_oficial": "Alto Paraíso", "cod_ibge": "4128625"}, {"municipio_oficial": "Alto Piquiri", "cod_ibge": "4100707"}, {"municipio_oficial": "Nova Olímpia", "cod_ibge": "4117206"}, {"municipio_oficial": "Xambrê", "cod_ibge": "4128807"}, {"municipio_oficial": "Brasilândia do Sul", "cod_ibge": "4103370"}, {"municipio_oficial": "Icaraíma", "cod_ibge": "4109906"}], "Paranavaí": [{"municipio_oficial": "Alto Paraná", "cod_ibge": "4100608"}, {"municipio_oficial": "Diamante do Norte", "cod_ibge": "4107108"}, {"municipio_oficial": "Loanda", "cod_ibge": "4113502"}, {"municipio_oficial": "Mirador", "cod_ibge": "4115903"}, {"municipio_oficial": "Nova Londrina", "cod_ibge": "4117107"}, {"municipio_oficial": "Paranavaí", "cod_ibge": "4118402"}, {"municipio_oficial": "Planaltina do Paraná", "cod_ibge": "4119707"}, {"municipio_oficial": "Tamboara", "cod_ibge": "4126702"}, {"municipio_oficial": "Amaporã", "cod_ibge": "4100905"}, {"municipio_oficial": "Guairaçá", "cod_ibge": "4108908"}, {"municipio_oficial": "Marilena", "cod_ibge": "4115002"}, {"municipio_oficial": "Nova Aliança do Ivaí", "cod_ibge": "4116505"}, {"municipio_oficial": "Paraíso do Norte", "cod_ibge": "4118006"}, {"municipio_oficial": "Porto Rico", "cod_ibge": "4120200"}, {"municipio_oficial": "Santa Isabel do Ivaí", "cod_ibge": "4123709"}, {"municipio_oficial": "Santa Mônica", "cod_ibge": "4123956"}, {"municipio_oficial": "São Carlos do Ivaí", "cod_ibge": "4124608"}, {"municipio_oficial": "São Pedro do Paraná", "cod_ibge": "4125902"}, {"municipio_oficial": "Terra Rica", "cod_ibge": "4127304"}, {"municipio_oficial": "Inajá", "cod_ibge": "4110300"}, {"municipio_oficial": "Itaúna do Sul", "cod_ibge": "4111308"}, {"municipio_oficial": "Jardim Olinda", "cod_ibge": "4112603"}, {"municipio_oficial": "Paranacity", "cod_ibge": "4118105"}, {"municipio_oficial": "Paranapoema", "cod_ibge": "4118303"}, {"municipio_oficial": "Querência do Norte", "cod_ibge": "4121000"}, {"municipio_oficial": "Santa Cruz de Monte Castelo", "cod_ibge": "4123303"}, {"municipio_oficial": "Santo Antônio do Caiuá", "cod_ibge": "4124202"}, {"municipio_oficial": "São João do Caiuá", "cod_ibge": "4124905"}, {"municipio_oficial": "Cruzeiro do Sul", "cod_ibge": "4106704"}], "Maringá": [{"municipio_oficial": "Astorga", "cod_ibge": "4102109"}, {"municipio_oficial": "Colorado", "cod_ibge": "4105904"}, {"municipio_oficial": "Doutor Camargo", "cod_ibge": "4107306"}, {"municipio_oficial": "Mandaguaçu", "cod_ibge": "4114104"}, {"municipio_oficial": "Mandaguari", "cod_ibge": "4114203"}, {"municipio_oficial": "Marialva", "cod_ibge": "4114807"}, {"municipio_oficial": "Maringá", "cod_ibge": "4115200"}, {"municipio_oficial": "Munhoz de Melo", "cod_ibge": "4116307"}, {"municipio_oficial": "Nova Esperança", "cod_ibge": "4116901"}, {"municipio_oficial": "Ourizona", "cod_ibge": "4117404"}, {"municipio_oficial": "Paiçandu", "cod_ibge": "4117503"}, {"municipio_oficial": "Santa Fé", "cod_ibge": "4123402"}, {"municipio_oficial": "São Jorge do Ivaí", "cod_ibge": "4125308"}, {"municipio_oficial": "Atalaia", "cod_ibge": "4102208"}, {"municipio_oficial": "Lobato", "cod_ibge": "4113601"}, {"municipio_oficial": "Santo Inácio", "cod_ibge": "4124509"}, {"municipio_oficial": "Uniflor", "cod_ibge": "4128302"}, {"municipio_oficial": "Ângulo", "cod_ibge": "4101150"}, {"municipio_oficial": "Floraí", "cod_ibge": "4107801"}, {"municipio_oficial": "Floresta", "cod_ibge": "4107900"}, {"municipio_oficial": "Iguaraçu", "cod_ibge": "4110003"}, {"municipio_oficial": "Nossa Senhora das Graças", "cod_ibge": "4116406"}, {"municipio_oficial": "Presidente Castelo Branco", "cod_ibge": "4120408"}, {"municipio_oficial": "Santa Inês", "cod_ibge": "4123600"}, {"municipio_oficial": "Sarandi", "cod_ibge": "4126256"}, {"municipio_oficial": "Itaguajé", "cod_ibge": "4110904"}, {"municipio_oficial": "Flórida", "cod_ibge": "4108106"}, {"municipio_oficial": "Itambé", "cod_ibge": "4111100"}, {"municipio_oficial": "Ivatuba", "cod_ibge": "4111605"}], "Cianorte": [{"municipio_oficial": "Cianorte", "cod_ibge": "4105508"}, {"municipio_oficial": "Cidade Gaúcha", "cod_ibge": "4105607"}, {"municipio_oficial": "Guaporema", "cod_ibge": "4109104"}, {"municipio_oficial": "Japurá", "cod_ibge": "4112405"}, {"municipio_oficial": "Rondon", "cod_ibge": "4122602"}, {"municipio_oficial": "Tuneiras do Oeste", "cod_ibge": "4127908"}, {"municipio_oficial": "Indianópolis", "cod_ibge": "4110409"}, {"municipio_oficial": "São Manoel do Paraná", "cod_ibge": "4125555"}, {"municipio_oficial": "São Tomé", "cod_ibge": "4126108"}, {"municipio_oficial": "Jussara", "cod_ibge": "4113007"}, {"municipio_oficial": "Tapejara", "cod_ibge": "4126801"}]}}, "Norte": {"regionais": ["Apucarana", "Cornélio Procópio", "Ivaiporã", "Londrina", "Santo Antonio da Platina"], "municipios": {"Londrina": [{"municipio_oficial": "Alvorada do Sul", "cod_ibge": "4100806"}, {"municipio_oficial": "Bela Vista do Paraíso", "cod_ibge": "4102802"}, {"municipio_oficial": "Cambé", "cod_ibge": "4103701"}, {"municipio_oficial": "Centenário do Sul", "cod_ibge": "4105102"}, {"municipio_oficial": "Florestópolis", "cod_ibge": "4108007"}, {"municipio_oficial": "Guaraci", "cod_ibge": "4109203"}, {"municipio_oficial": "Ibiporã", "cod_ibge": "4109807"}, {"municipio_oficial": "Jaguapitã", "cod_ibge": "4111902"}, {"municipio_oficial": "Londrina", "cod_ibge": "4113700"}, {"municipio_oficial": "Lupionópolis", "cod_ibge": "4113809"}, {"municipio_oficial": "Miraselva", "cod_ibge": "4116000"}, {"municipio_oficial": "Pitangueiras", "cod_ibge": "4119657"}, {"municipio_oficial": "Porecatu", "cod_ibge": "4120002"}, {"municipio_oficial": "Rolândia", "cod_ibge": "4122404"}, {"municipio_oficial": "Sertanópolis", "cod_ibge": "4126504"}, {"municipio_oficial": "Tamarana", "cod_ibge": "4126678"}, {"municipio_oficial": "Cafeara", "cod_ibge": "4103404"}, {"municipio_oficial": "Prado Ferreira", "cod_ibge": "4120333"}, {"municipio_oficial": "Primeiro de Maio", "cod_ibge": "4120507"}], "Cornélio Procópio": [{"municipio_oficial": "Andirá", "cod_ibge": "4101101"}, {"municipio_oficial": "Assaí", "cod_ibge": "4101903"}, {"municipio_oficial": "Cornélio Procópio", "cod_ibge": "4106407"}, {"municipio_oficial": "Ribeirão do Pinhal", "cod_ibge": "4121901"}, {"municipio_oficial": "Santa Cecília do Pavão", "cod_ibge": "4123204"}, {"municipio_oficial": "Santa Mariana", "cod_ibge": "4123907"}, {"municipio_oficial": "Santo Antônio do Paraíso", "cod_ibge": "4124301"}, {"municipio_oficial": "São Jerônimo da Serra", "cod_ibge": "4124707"}, {"municipio_oficial": "São Sebastião da Amoreira", "cod_ibge": "4126009"}, {"municipio_oficial": "Sapopema", "cod_ibge": "4126207"}, {"municipio_oficial": "Uraí", "cod_ibge": "4128401"}, {"municipio_oficial": "Congonhinhas", "cod_ibge": "4106001"}, {"municipio_oficial": "Sertaneja", "cod_ibge": "4126405"}, {"municipio_oficial": "Nova América da Colina", "cod_ibge": "4116604"}, {"municipio_oficial": "Nova Fátima", "cod_ibge": "4117008"}, {"municipio_oficial": "Jataizinho", "cod_ibge": "4112702"}, {"municipio_oficial": "Leópolis", "cod_ibge": "4113403"}, {"municipio_oficial": "Rancho Alegre", "cod_ibge": "4121307"}, {"municipio_oficial": "Santa Amélia", "cod_ibge": "4123105"}, {"municipio_oficial": "Itambaracá", "cod_ibge": "4111001"}, {"municipio_oficial": "Abatiá", "cod_ibge": "4100103"}, {"municipio_oficial": "Bandeirantes", "cod_ibge": "4102406"}, {"municipio_oficial": "Nova Santa Bárbara", "cod_ibge": "4117214"}], "Apucarana": [{"municipio_oficial": "Apucarana", "cod_ibge": "4101408"}, {"municipio_oficial": "Arapongas", "cod_ibge": "4101507"}, {"municipio_oficial": "Bom Sucesso", "cod_ibge": "4103206"}, {"municipio_oficial": "Califórnia", "cod_ibge": "4103503"}, {"municipio_oficial": "Jandaia do Sul", "cod_ibge": "4112108"}, {"municipio_oficial": "Marilândia do Sul", "cod_ibge": "4114906"}, {"municipio_oficial": "Marumbi", "cod_ibge": "4115507"}, {"municipio_oficial": "Mauá da Serra", "cod_ibge": "4115754"}, {"municipio_oficial": "Novo Itacolomi", "cod_ibge": "4117297"}, {"municipio_oficial": "Rio Bom", "cod_ibge": "4122107"}, {"municipio_oficial": "Sabáudia", "cod_ibge": "4122701"}, {"municipio_oficial": "Cambira", "cod_ibge": "4103800"}, {"municipio_oficial": "Kaloré", "cod_ibge": "4113106"}], "Ivaiporã": [{"municipio_oficial": "Arapuã", "cod_ibge": "4101655"}, {"municipio_oficial": "Ariranha do Ivaí", "cod_ibge": "4101853"}, {"municipio_oficial": "Borrazópolis", "cod_ibge": "4103305"}, {"municipio_oficial": "Cruzmaltina", "cod_ibge": "4106852"}, {"municipio_oficial": "Faxinal", "cod_ibge": "4107603"}, {"municipio_oficial": "Godoy Moreira", "cod_ibge": "4108551"}, {"municipio_oficial": "Grandes Rios", "cod_ibge": "4108700"}, {"municipio_oficial": "Ivaiporã", "cod_ibge": "4111506"}, {"municipio_oficial": "Jardim Alegre", "cod_ibge": "4112504"}, {"municipio_oficial": "Lidianópolis", "cod_ibge": "4113429"}, {"municipio_oficial": "Lunardelli", "cod_ibge": "4113759"}, {"municipio_oficial": "Rio Branco do Ivaí", "cod_ibge": "4122172"}, {"municipio_oficial": "Rosário do Ivaí", "cod_ibge": "4122651"}, {"municipio_oficial": "São João do Ivaí", "cod_ibge": "4125001"}, {"municipio_oficial": "São Pedro do Ivaí", "cod_ibge": "4125803"}], "Santo Antonio da Platina": [{"municipio_oficial": "Barra do Jacaré", "cod_ibge": "4102703"}, {"municipio_oficial": "Carlópolis", "cod_ibge": "4104709"}, {"municipio_oficial": "Conselheiro Mairinck", "cod_ibge": "4106100"}, {"municipio_oficial": "Curiúva", "cod_ibge": "4107009"}, {"municipio_oficial": "Figueira", "cod_ibge": "4107751"}, {"municipio_oficial": "Guapirama", "cod_ibge": "4109005"}, {"municipio_oficial": "Ibaiti", "cod_ibge": "4109708"}, {"municipio_oficial": "Jaboti", "cod_ibge": "4111704"}, {"municipio_oficial": "Jacarezinho", "cod_ibge": "4111803"}, {"municipio_oficial": "Japira", "cod_ibge": "4112306"}, {"municipio_oficial": "Joaquim Távora", "cod_ibge": "4112801"}, {"municipio_oficial": "Jundiaí do Sul", "cod_ibge": "4112900"}, {"municipio_oficial": "Pinhalão", "cod_ibge": "4119202"}, {"municipio_oficial": "Quatiguá", "cod_ibge": "4120705"}, {"municipio_oficial": "Ribeirão Claro", "cod_ibge": "4121802"}, {"municipio_oficial": "Salto do Itararé", "cod_ibge": "4122909"}, {"municipio_oficial": "Santana do Itararé", "cod_ibge": "4124004"}, {"municipio_oficial": "Santo Antônio da Platina", "cod_ibge": "4124103"}, {"municipio_oficial": "São José da Boa Vista", "cod_ibge": "4125407"}, {"municipio_oficial": "Siqueira Campos", "cod_ibge": "4126603"}, {"municipio_oficial": "Tomazina", "cod_ibge": "4127809"}, {"municipio_oficial": "Wenceslau Braz", "cod_ibge": "4128500"}, {"municipio_oficial": "Cambará", "cod_ibge": "4103602"}]}}, "Sudoeste": {"regionais": ["Dois Vizinhos", "Francisco Beltrão", "Pato Branco"], "municipios": {"Francisco Beltrão": [{"municipio_oficial": "Ampére", "cod_ibge": "4101002"}, {"municipio_oficial": "Barracão", "cod_ibge": "4102604"}, {"municipio_oficial": "Bela Vista da Caroba", "cod_ibge": "4102752"}, {"municipio_oficial": "Bom Jesus do Sul", "cod_ibge": "4103156"}, {"municipio_oficial": "Capanema", "cod_ibge": "4104501"}, {"municipio_oficial": "Enéas Marques", "cod_ibge": "4107405"}, {"municipio_oficial": "Flor da Serra do Sul", "cod_ibge": "4107850"}, {"municipio_oficial": "Francisco Beltrão", "cod_ibge": "4108403"}, {"municipio_oficial": "Manfrinópolis", "cod_ibge": "4114351"}, {"municipio_oficial": "Marmeleiro", "cod_ibge": "4115408"}, {"municipio_oficial": "Pérola d'Oeste", "cod_ibge": "4119004"}, {"municipio_oficial": "Pinhal de São Bento", "cod_ibge": "4119251"}, {"municipio_oficial": "Planalto", "cod_ibge": "4119806"}, {"municipio_oficial": "Pranchita", "cod_ibge": "4120358"}, {"municipio_oficial": "Realeza", "cod_ibge": "4121406"}, {"municipio_oficial": "Renascença", "cod_ibge": "4121604"}, {"municipio_oficial": "Salgado Filho", "cod_ibge": "4122800"}, {"municipio_oficial": "Santa Izabel do Oeste", "cod_ibge": "4123808"}, {"municipio_oficial": "Santo Antônio do Sudoeste", "cod_ibge": "4124400"}, {"municipio_oficial": "Verê", "cod_ibge": "4128609"}], "Dois Vizinhos": [{"municipio_oficial": "Boa Esperança do Iguaçu", "cod_ibge": "4103024"}, {"municipio_oficial": "Cruzeiro do Iguaçu", "cod_ibge": "4106571"}, {"municipio_oficial": "Dois Vizinhos", "cod_ibge": "4107207"}, {"municipio_oficial": "Nova Esperança do Sudoeste", "cod_ibge": "4116950"}, {"municipio_oficial": "Nova Prata do Iguaçu", "cod_ibge": "4117255"}, {"municipio_oficial": "Salto do Lontra", "cod_ibge": "4123006"}, {"municipio_oficial": "São Jorge d'Oeste", "cod_ibge": "4125209"}], "Pato Branco": [{"municipio_oficial": "Chopinzinho", "cod_ibge": "4105409"}, {"municipio_oficial": "Coronel Domingos Soares", "cod_ibge": "4106456"}, {"municipio_oficial": "Coronel Vivida", "cod_ibge": "4106506"}, {"municipio_oficial": "Honório Serpa", "cod_ibge": "4109658"}, {"municipio_oficial": "Itapejara d'Oeste", "cod_ibge": "4111209"}, {"municipio_oficial": "Pato Branco", "cod_ibge": "4118501"}, {"municipio_oficial": "Saudade do Iguaçu", "cod_ibge": "4126272"}, {"municipio_oficial": "Clevelândia", "cod_ibge": "4105706"}, {"municipio_oficial": "Mangueirinha", "cod_ibge": "4114401"}, {"municipio_oficial": "Mariópolis", "cod_ibge": "4115309"}, {"municipio_oficial": "Palmas", "cod_ibge": "4117602"}, {"municipio_oficial": "São João", "cod_ibge": "4124806"}, {"municipio_oficial": "Sulina", "cod_ibge": "4126652"}, {"municipio_oficial": "Vitorino", "cod_ibge": "4128708"}, {"municipio_oficial": "Bom Sucesso do Sul", "cod_ibge": "4103222"}]}}, "Oeste": {"regionais": ["Campo Mourão", "Cascavel", "Toledo"], "municipios": {"Cascavel": [{"municipio_oficial": "Anahy", "cod_ibge": "4101051"}, {"municipio_oficial": "Boa Vista da Aparecida", "cod_ibge": "4103057"}, {"municipio_oficial": "Braganey", "cod_ibge": "4103354"}, {"municipio_oficial": "Cafelândia", "cod_ibge": "4103453"}, {"municipio_oficial": "Campo Bonito", "cod_ibge": "4104055"}, {"municipio_oficial": "Capitão Leônidas Marques", "cod_ibge": "4104600"}, {"municipio_oficial": "Cascavel", "cod_ibge": "4104808"}, {"municipio_oficial": "Catanduvas", "cod_ibge": "4105003"}, {"municipio_oficial": "Céu Azul", "cod_ibge": "4105300"}, {"municipio_oficial": "Corbélia", "cod_ibge": "4106308"}, {"municipio_oficial": "Diamante d'Oeste", "cod_ibge": "4107157"}, {"municipio_oficial": "Foz do Iguaçu", "cod_ibge": "4108304"}, {"municipio_oficial": "Ibema", "cod_ibge": "4109757"}, {"municipio_oficial": "Iguatu", "cod_ibge": "4110052"}, {"municipio_oficial": "Itaipulândia", "cod_ibge": "4110953"}, {"municipio_oficial": "Lindoeste", "cod_ibge": "4113452"}, {"municipio_oficial": "Matelândia", "cod_ibge": "4115606"}, {"municipio_oficial": "Medianeira", "cod_ibge": "4115804"}, {"municipio_oficial": "Missal", "cod_ibge": "4116059"}, {"municipio_oficial": "Nova Aurora", "cod_ibge": "4116703"}, {"municipio_oficial": "Ramilândia", "cod_ibge": "4121257"}, {"municipio_oficial": "Santa Lúcia", "cod_ibge": "4123824"}, {"municipio_oficial": "Santa Tereza do Oeste", "cod_ibge": "4124020"}, {"municipio_oficial": "Santa Terezinha de Itaipu", "cod_ibge": "4124053"}, {"municipio_oficial": "São Miguel do Iguaçu", "cod_ibge": "4125704"}, {"municipio_oficial": "Serranópolis do Iguaçu", "cod_ibge": "4126355"}, {"municipio_oficial": "Três Barras do Paraná", "cod_ibge": "4127858"}, {"municipio_oficial": "Vera Cruz do Oeste", "cod_ibge": "4128559"}], "Toledo": [{"municipio_oficial": "Assis Chateaubriand", "cod_ibge": "4102000"}, {"municipio_oficial": "Formosa do Oeste", "cod_ibge": "4108205"}, {"municipio_oficial": "Jesuítas", "cod_ibge": "4112751"}, {"municipio_oficial": "Marechal Cândido Rondon", "cod_ibge": "4114609"}, {"municipio_oficial": "Mercedes", "cod_ibge": "4115853"}, {"municipio_oficial": "Palotina", "cod_ibge": "4117909"}, {"municipio_oficial": "São Pedro do Iguaçu", "cod_ibge": "4125753"}, {"municipio_oficial": "Terra Roxa", "cod_ibge": "4127403"}, {"municipio_oficial": "Entre Rios do Oeste", "cod_ibge": "4107538"}, {"municipio_oficial": "Guaíra", "cod_ibge": "4108809"}, {"municipio_oficial": "Santa Helena", "cod_ibge": "4123501"}, {"municipio_oficial": "São José das Palmeiras", "cod_ibge": "4125456"}, {"municipio_oficial": "Nova Santa Rosa", "cod_ibge": "4117222"}, {"municipio_oficial": "Ouro Verde do Oeste", "cod_ibge": "4117453"}, {"municipio_oficial": "Pato Bragado", "cod_ibge": "4118451"}, {"municipio_oficial": "Toledo", "cod_ibge": "4127700"}, {"municipio_oficial": "Quatro Pontes", "cod_ibge": "4120853"}, {"municipio_oficial": "Tupãssi", "cod_ibge": "4127957"}, {"municipio_oficial": "Iracema do Oeste", "cod_ibge": "4110656"}, {"municipio_oficial": "Maripá", "cod_ibge": "4115358"}], "Campo Mourão": [{"municipio_oficial": "Barbosa Ferraz", "cod_ibge": "4102505"}, {"municipio_oficial": "Campo Mourão", "cod_ibge": "4104303"}, {"municipio_oficial": "Corumbataí do Sul", "cod_ibge": "4106555"}, {"municipio_oficial": "Engenheiro Beltrão", "cod_ibge": "4107504"}, {"municipio_oficial": "Fênix", "cod_ibge": "4107702"}, {"municipio_oficial": "Iretama", "cod_ibge": "4110805"}, {"municipio_oficial": "Luiziana", "cod_ibge": "4113734"}, {"municipio_oficial": "Peabiru", "cod_ibge": "4118808"}, {"municipio_oficial": "Quinta do Sol", "cod_ibge": "4121109"}, {"municipio_oficial": "Roncador", "cod_ibge": "4122503"}, {"municipio_oficial": "Ubiratã", "cod_ibge": "4128005"}, {"municipio_oficial": "Goioerê", "cod_ibge": "4108601"}, {"municipio_oficial": "Moreira Sales", "cod_ibge": "4116109"}, {"municipio_oficial": "Altamira do Paraná", "cod_ibge": "4100459"}, {"municipio_oficial": "Araruna", "cod_ibge": "4101705"}, {"municipio_oficial": "Campina da Lagoa", "cod_ibge": "4103909"}, {"municipio_oficial": "Farol", "cod_ibge": "4107553"}, {"municipio_oficial": "Janiópolis", "cod_ibge": "4112207"}, {"municipio_oficial": "Mamborê", "cod_ibge": "4114005"}, {"municipio_oficial": "Nova Cantú", "cod_ibge": "4116802"}, {"municipio_oficial": "Quarto Centenário", "cod_ibge": "4120655"}, {"municipio_oficial": "Rancho Alegre D'Oeste", "cod_ibge": "4121356"}, {"municipio_oficial": "Terra Boa", "cod_ibge": "4127205"}, {"municipio_oficial": "Boa Esperança", "cod_ibge": "4103008"}, {"municipio_oficial": "Juranda", "cod_ibge": "4112959"}]}}, "Centro Sul": {"regionais": ["Irati", "Ponta Grossa", "União da Vitória"], "municipios": {"União da Vitória": [{"municipio_oficial": "Bituruna", "cod_ibge": "4102901"}, {"municipio_oficial": "Cruz Machado", "cod_ibge": "4106803"}, {"municipio_oficial": "Porto Vitória", "cod_ibge": "4120309"}, {"municipio_oficial": "São Mateus do Sul", "cod_ibge": "4125605"}, {"municipio_oficial": "Antônio Olinto", "cod_ibge": "4101309"}, {"municipio_oficial": "General Carneiro", "cod_ibge": "4108502"}, {"municipio_oficial": "Paula Freitas", "cod_ibge": "4118600"}, {"municipio_oficial": "Paulo Frontin", "cod_ibge": "4118709"}, {"municipio_oficial": "União da Vitória", "cod_ibge": "4128203"}], "Ponta Grossa": [{"municipio_oficial": "Castro", "cod_ibge": "4104907"}, {"municipio_oficial": "Imbaú", "cod_ibge": "4110078"}, {"municipio_oficial": "Jaguariaíva", "cod_ibge": "4112009"}, {"municipio_oficial": "Ortigueira", "cod_ibge": "4117305"}, {"municipio_oficial": "Reserva", "cod_ibge": "4121703"}, {"municipio_oficial": "Ipiranga", "cod_ibge": "4110508"}, {"municipio_oficial": "Sengés", "cod_ibge": "4126306"}, {"municipio_oficial": "Palmeira", "cod_ibge": "4117701"}, {"municipio_oficial": "São João do Triunfo", "cod_ibge": "4125100"}, {"municipio_oficial": "Arapoti", "cod_ibge": "4101606"}, {"municipio_oficial": "Ivaí", "cod_ibge": "4111407"}, {"municipio_oficial": "Piraí do Sul", "cod_ibge": "4119400"}, {"municipio_oficial": "Ponta Grossa", "cod_ibge": "4119905"}, {"municipio_oficial": "Tibagi", "cod_ibge": "4127502"}, {"municipio_oficial": "Ventania", "cod_ibge": "4128534"}, {"municipio_oficial": "Carambeí", "cod_ibge": "4104659"}, {"municipio_oficial": "Telêmaco Borba", "cod_ibge": "4127106"}], "Irati": [{"municipio_oficial": "Imbituva", "cod_ibge": "4110102"}, {"municipio_oficial": "Irati", "cod_ibge": "4110706"}, {"municipio_oficial": "Prudentópolis", "cod_ibge": "4120606"}, {"municipio_oficial": "Fernandes Pinheiro", "cod_ibge": "4107736"}, {"municipio_oficial": "Guamiranga", "cod_ibge": "4108957"}, {"municipio_oficial": "Inácio Martins", "cod_ibge": "4110201"}, {"municipio_oficial": "Mallet", "cod_ibge": "4113908"}, {"municipio_oficial": "Rebouças", "cod_ibge": "4121505"}, {"municipio_oficial": "Rio Azul", "cod_ibge": "4122008"}, {"municipio_oficial": "Teixeira Soares", "cod_ibge": "4127007"}]}}, "Centro": {"regionais": ["Guarapuava", "Ivaiporã", "Laranjeiras do Sul"], "municipios": {"Guarapuava": [{"municipio_oficial": "Boa Ventura de São Roque", "cod_ibge": "4103040"}, {"municipio_oficial": "Campina do Simão", "cod_ibge": "4103958"}, {"municipio_oficial": "Candói", "cod_ibge": "4104428"}, {"municipio_oficial": "Laranjal", "cod_ibge": "4113254"}, {"municipio_oficial": "Palmital", "cod_ibge": "4117800"}, {"municipio_oficial": "Pitanga", "cod_ibge": "4119608"}, {"municipio_oficial": "Reserva do Iguaçu", "cod_ibge": "4121752"}, {"municipio_oficial": "Santa Maria do Oeste", "cod_ibge": "4123857"}, {"municipio_oficial": "Turvo", "cod_ibge": "4127965"}, {"municipio_oficial": "Cantagalo", "cod_ibge": "4104451"}, {"municipio_oficial": "Foz do Jordão", "cod_ibge": "4108452"}, {"municipio_oficial": "Goioxim", "cod_ibge": "4108650"}, {"municipio_oficial": "Guarapuava", "cod_ibge": "4109401"}, {"municipio_oficial": "Pinhão", "cod_ibge": "4119301"}], "Ivaiporã": [{"municipio_oficial": "Cândido de Abreu", "cod_ibge": "4104402"}, {"municipio_oficial": "Manoel Ribas", "cod_ibge": "4114500"}, {"municipio_oficial": "Mato Rico", "cod_ibge": "4115739"}, {"municipio_oficial": "Nova Tebas", "cod_ibge": "4117271"}], "Laranjeiras do Sul": [{"municipio_oficial": "Diamante do Sul", "cod_ibge": "4107124"}, {"municipio_oficial": "Espigão Alto do Iguaçu", "cod_ibge": "4107546"}, {"municipio_oficial": "Guaraniaçu", "cod_ibge": "4109302"}, {"municipio_oficial": "Laranjeiras do Sul", "cod_ibge": "4113304"}, {"municipio_oficial": "Marquinho", "cod_ibge": "4115457"}, {"municipio_oficial": "Nova Laranjeiras", "cod_ibge": "4117057"}, {"municipio_oficial": "Porto Barreiro", "cod_ibge": "4120150"}, {"municipio_oficial": "Quedas do Iguaçu", "cod_ibge": "4120903"}, {"municipio_oficial": "Rio Bonito do Iguaçu", "cod_ibge": "4122156"}, {"municipio_oficial": "Virmond", "cod_ibge": "4128658"}]}}}